{"stats":{"minecraft:picked_up":{"minecraft:rotten_flesh":2},"minecraft:custom":{"minecraft:jump":51,"minecraft:time_since_rest":9524,"minecraft:damage_dealt":20,"minecraft:leave_game":4,"minecraft:play_time":9524,"minecraft:sprint_one_cm":5322,"minecraft:damage_taken":155,"minecraft:time_since_death":9524,"minecraft:walk_one_cm":6746,"minecraft:sneak_time":1,"minecraft:total_world_time":9524,"minecraft:mob_kills":1,"minecraft:fall_one_cm":2614,"minecraft:fly_one_cm":25083},"minecraft:killed":{"minecraft:zombie":1},"minecraft:mined":{"minecraft:oak_leaves":1}},"DataVersion":3465}